Datetime,Latitude,Longitude,Height,Q,ns,Next_Lat,Next_Lon,Time_Diff,Distance,Speed,Acceleration,Turn_Rate,Road_Type
2023-11-29 04:55:24,12.782473171,77.370738591,650.2689,5,32,12.782406809,77.370671364,,10.372853899448373,10.372853899448373,,,Main Road
2023-11-29 04:55:25,12.782406809,77.370671364,650.5835,5,32,12.782340614,77.37060425,1.0,10.351034151097556,10.351034151097556,-0.02181974835081668,,Main Road
2023-11-29 04:55:26,12.782340614,77.37060425,650.8721,5,32,12.782267993,77.370527858,1.0,11.56848726124982,11.56848726124982,1.2174531101522632,0.023987187057173287,Main Road
2023-11-29 04:55:27,12.782267993,77.370527858,650.2391,5,32,12.782194063,77.370450328,1.0,11.758469582755476,11.758469582755476,0.18998232150565642,1.0546702117852078,Main Road
2023-11-29 04:55:28,12.782194063,77.370450328,647.0411,5,32,12.782101007,77.370398593,1.0,11.770347420094147,11.770347420094147,0.011877837338671426,0.0880601401183867,Main Road
2023-11-29 04:55:29,12.782101007,77.370398593,655.4893,5,32,12.782019832,77.370301149,1.0,13.897111101822754,13.897111101822754,2.1267636817286064,17.28947297098202,Service Road
2023-11-29 04:55:30,12.782019832,77.370301149,652.359,5,32,12.781941416,77.370239082,1.0,11.014933063964314,11.014933063964314,-2.8821780378584396,21.132148133897346,Service Road
2023-11-29 04:55:31,12.781941416,77.370239082,650.6784,5,32,12.781852335,77.370166633,1.0,12.642704104865874,12.642704104865874,1.6277710409015604,11.842316899671914,Service Road
2023-11-29 04:55:32,12.781852335,77.370166633,649.3088,5,32,12.781762441,77.370088059,1.0,13.13447652789602,13.13447652789602,0.49177242303014523,0.7592890920870161,Main Road
2023-11-29 04:55:33,12.781762441,77.370088059,649.3136,5,32,12.781667623,77.370001064,1.0,14.147628118484928,14.147628118484928,1.0131515905889081,2.0346246536578008,Main Road
2023-11-29 04:55:34,12.781667623,77.370001064,650.1136,5,32,12.781563849,77.369916721,1.0,14.724241108971876,14.724241108971876,0.5766129904869484,1.3803535356339296,Main Road
2023-11-29 04:55:35,12.781563849,77.369916721,651.1608,5,32,12.781469905,77.369823126,1.0,14.564729277176115,14.564729277176115,-0.15951183179576134,3.4335001151556526,Main Road
2023-11-29 04:55:36,12.781469905,77.369823126,650.6573,5,32,12.781361285,77.369721278,1.0,16.36630148274554,16.36630148274554,1.8015722055694265,5.79066326432374,Main Road
2023-11-29 04:55:37,12.781361285,77.369721278,651.3131,5,32,12.781255537,77.369619424,1.0,16.132514597681666,16.132514597681666,-0.2337868850638749,1.7362839513497192,Main Road
2023-11-29 04:55:38,12.781255537,77.369619424,652.6326,5,32,12.781149032,77.369522499,1.0,15.83424598910602,15.83424598910602,-0.29826860857564697,0.768334704444527,Main Road
2023-11-29 04:55:39,12.781149032,77.369522499,652.8678,5,32,12.781048156,77.369405128,1.0,16.965046845453493,16.965046845453493,1.1308008563474736,1.6216283839970629,Main Road
2023-11-29 04:55:40,12.781048156,77.369405128,651.3518,5,32,12.780930993,77.369303219,1.0,17.083660926963713,17.083660926963713,0.1186140815102199,7.018371182255294,Main Road
2023-11-29 04:55:41,12.780930993,77.369303219,649.5232,5,31,12.780825761,77.369186002,1.0,17.27683524608346,17.27683524608346,0.19317431911974836,8.305249969769022,Main Road
2023-11-29 04:55:42,12.780825761,77.369186002,651.5287,5,32,12.780716592,77.36905683,1.0,18.53546784050889,18.53546784050889,1.2586325944254284,7.0670533212171165,Main Road
2023-11-29 04:55:43,12.780716592,77.36905683,651.1303,5,32,12.780609318,77.368915257,1.0,19.44155609875074,19.44155609875074,0.9060882582418515,1.7133888701356739,Main Road
2023-11-29 04:55:44,12.780609318,77.368915257,651.4274,5,32,12.780500108,77.36878637,1.0,18.515122313732167,18.515122313732167,-0.926433785018574,3.050365370519046,Main Road
2023-11-29 04:55:45,12.780500108,77.36878637,649.704,5,32,12.780383904,77.368647747,1.0,19.82244996267913,19.82244996267913,1.3073276489469627,3.1233798906240793,Main Road
2023-11-29 04:55:46,12.780383904,77.368647747,650.3239,5,32,12.780277146,77.368504239,1.0,19.572837882144018,19.572837882144018,-0.24961208053511186,0.30343786379685866,Main Road
2023-11-29 04:55:47,12.780277146,77.368504239,648.9516,5,32,12.780163632,77.368356943,1.0,20.358041248176313,20.358041248176313,0.7852033660322952,3.326039389198641,Main Road
2023-11-29 04:55:48,12.780163632,77.368356943,649.8285,5,32,12.780063939,77.368195506,1.0,20.720866280754652,20.720866280754652,0.3628250325783391,0.973550610838231,Main Road
2023-11-29 04:55:49,12.780063939,77.368195506,649.3186,5,32,12.77996436,77.368029779,1.0,21.108723681115574,21.108723681115574,0.38785740036092164,5.922943867928666,Main Road
2023-11-29 04:55:50,12.77996436,77.368029779,648.3138,5,32,12.779867542,77.367859298,1.0,21.39320363721055,21.39320363721055,0.28447995609497667,0.6967387439072752,Main Road
2023-11-29 04:55:51,12.779867542,77.367859298,648.8356,5,32,12.779773167,77.367684212,1.0,21.693484010581148,21.693484010581148,0.30028037337059743,1.407333250561166,Main Road
2023-11-29 04:55:52,12.779773167,77.367684212,648.5976,5,32,12.779688906,77.367511629,1.0,20.92929672501683,20.92929672501683,-0.7641872855643186,1.2671185257151052,Main Road
2023-11-29 04:55:53,12.779688906,77.367511629,647.3463,5,32,12.77958655,77.367340817,1.0,21.74020455736672,21.74020455736672,0.8109078323498906,2.302358659091439,Main Road
2023-11-29 04:55:54,12.77958655,77.367340817,649.5475,5,32,12.779496302,77.36715773,1.0,22.246042421513156,22.246042421513156,0.5058378641464358,4.908152958460008,Main Road
2023-11-29 04:55:55,12.779496302,77.36715773,650.4185,5,32,12.779405056,77.366978497,1.0,21.925002281749368,21.925002281749368,-0.3210401397637881,4.691586210866205,Main Road
2023-11-29 04:55:56,12.779405056,77.366978497,649.8791,5,32,12.779308915,77.366801258,1.0,21.992923416044682,21.992923416044682,0.06792113429531454,0.7404583640844464,Main Road
2023-11-29 04:55:57,12.779308915,77.366801258,650.3669,5,32,12.779219131,77.36662003,1.0,22.04291853167254,22.04291853167254,0.04999511562785841,1.4967859341886367,Main Road
2023-11-29 04:55:58,12.779219131,77.36662003,650.6972,5,32,12.779127152,77.366440271,1.0,22.013351614821392,22.013351614821392,-0.02956691685114876,2.1223031087001516,Main Road
2023-11-29 04:55:59,12.779127152,77.366440271,651.1167,5,32,12.779026995,77.366260764,1.0,22.42657352652706,22.42657352652706,0.41322191170566924,0.7431552099813246,Main Road
2023-11-29 04:56:00,12.779026995,77.366260764,652.003,5,32,12.778937762,77.366082937,1.0,21.686668683073577,21.686668683073577,-0.7399048434534841,2.0616964245480602,Main Road
2023-11-29 04:56:01,12.778937762,77.366082937,652.3037,5,32,12.778842603,77.365895596,1.0,22.90582933416446,22.90582933416446,1.2191606510908812,2.5122466919265634,Main Road
2023-11-29 04:56:02,12.778842603,77.365895596,654.8991,5,32,12.778745237,77.365709253,1.0,22.92477807433232,22.92477807433232,0.01894874016786119,0.28073685701465934,Main Road
2023-11-29 04:56:03,12.778745237,77.365709253,653.2385,5,32,12.778647395,77.365516928,1.0,23.523009288801074,23.523009288801074,0.598231214468754,0.6594151703123003,Main Road
2023-11-29 04:56:04,12.778647395,77.365516928,654.2311,5,32,12.778549534,77.365338787,1.0,22.17174280625039,22.17174280625039,-1.3512664825506846,0.6235732390134956,Main Road
2023-11-29 04:56:05,12.778549534,77.365338787,654.5708,5,32,12.778452313,77.365143773,1.0,23.750431258008295,23.750431258008295,1.5786884517579054,1.8180806550633406,Main Road
2023-11-29 04:56:06,12.778452313,77.365143773,656.4502,5,32,12.778349907,77.364956638,1.0,23.269596377665508,23.269596377665508,-0.4808348803427869,2.2842160967571203,Main Road
2023-11-29 04:56:07,12.778349907,77.364956638,655.7102,5,32,12.778252922,77.364772977,1.0,22.648664356117678,22.648664356117678,-0.62093202154783,2.191038797455235,Main Road
2023-11-29 04:56:08,12.778252922,77.364772977,656.2837,5,32,12.778158444,77.364591843,1.0,22.275258812631506,22.275258812631506,-0.3734055434861716,0.8518489634905535,Main Road
2023-11-29 04:56:09,12.778158444,77.364591843,656.2637,5,32,12.778066866,77.364406444,1.0,22.53662042003464,22.53662042003464,0.26136160740313485,0.2908056762783957,Main Road
2023-11-29 04:56:10,12.778066866,77.364406444,656.7595,5,32,12.777968853,77.364230505,1.0,21.972422264718034,21.972422264718034,-0.5641981553166069,1.2590638934585883,Main Road
2023-11-29 04:56:11,12.777968853,77.364230505,657.5158,5,32,12.777870508,77.36405214,1.0,22.219393021104562,22.219393021104562,0.24697075638652777,2.834419429298066,Main Road
2023-11-29 04:56:12,12.777870508,77.36405214,657.5988,5,32,12.777775079,77.363877372,1.0,21.720455493817095,21.720455493817095,-0.49893752728746676,0.2505324110077112,Main Road
2023-11-29 04:56:13,12.777775079,77.363877372,657.9773,5,32,12.777676503,77.363695507,1.0,22.563042223485937,22.563042223485937,0.8425867296688416,0.23502410013743713,Main Road
2023-11-29 04:56:14,12.777676503,77.363695507,658.1683,5,32,12.777575357,77.36350908,1.0,23.134288881696026,23.134288881696026,0.5712466582100895,0.1770210514578281,Main Road
2023-11-29 04:56:15,12.777575357,77.36350908,657.2464,5,32,12.777467337,77.363336808,1.0,22.209582524356506,22.209582524356506,-0.9247063573395202,0.02310021013428809,Main Road
2023-11-29 04:56:16,12.777467337,77.363336808,658.2012,5,32,12.777365815,77.363151841,1.0,23.01655421645018,23.01655421645018,0.8069716920936756,3.606962718208763,Main Road
2023-11-29 04:56:17,12.777365815,77.363151841,657.6023,5,32,12.777270517,77.362962707,1.0,23.085653561746874,23.085653561746874,0.06909934529669215,3.328151540450307,Main Road
2023-11-29 04:56:18,12.777270517,77.362962707,658.2463,5,32,12.777167254,77.36277557,1.0,23.316648240500804,23.316648240500804,0.23099467875393032,2.0189280508551946,Main Road
2023-11-29 04:56:19,12.777167254,77.36277557,660.5067,5,32,12.777074904,77.362587726,1.0,22.812049387720215,22.812049387720215,-0.5045988527805889,2.148167469275421,Main Road
2023-11-29 04:56:20,12.777074904,77.362587726,659.2306,5,32,12.776982574,77.362392983,1.0,23.481550724625748,23.481550724625748,0.6695013369055332,2.709924356934252,Main Road
2023-11-29 04:56:21,12.776982574,77.362392983,659.0498,5,32,12.776884661,77.362196982,1.0,23.880881770414454,23.880881770414454,0.39933104578870626,0.8139850680191216,Main Road
2023-11-29 04:56:22,12.776884661,77.362196982,660.2708,5,32,12.776795145,77.362002076,1.0,23.362443700080412,23.362443700080412,-0.5184380703340423,1.1783918073868591,Main Road
2023-11-29 04:56:23,12.776795145,77.362002076,659.579,5,31,12.776703222,77.361817853,1.0,22.440471802958285,22.440471802958285,-0.9219718971221269,1.8763160838969952,Main Road
2023-11-29 04:56:24,12.776703222,77.361817853,663.794,5,32,12.77660839,77.361612932,1.0,24.596950221824017,24.596950221824017,2.1564784188657313,1.8498624340351881,Main Road
2023-11-29 04:56:25,12.77660839,77.361612932,665.5772,5,32,12.776522161,77.361410226,1.0,23.981933752205197,23.981933752205197,-0.6150164696188192,1.6846840758477555,Main Road
2023-11-29 04:56:26,12.776522161,77.361410226,664.7367,5,32,12.776427088,77.361203664,1.0,24.769278414530486,24.769278414530486,0.7873446623252889,1.7890562680101425,Main Road
2023-11-29 04:56:27,12.776427088,77.361203664,664.8565,5,32,12.77633287,77.3609799,1.0,26.43041226055949,26.43041226055949,1.6611338460290028,1.670510524159539,Main Road
2023-11-29 04:56:28,12.77633287,77.3609799,661.6158,5,31,12.776237962,77.360777373,1.0,24.36634970822552,24.36634970822552,-2.0640625523339686,1.8809037870885135,Main Road
2023-11-29 04:56:29,12.776237962,77.360777373,660.704,5,32,12.776139735,77.360559116,1.0,26.066863267317654,26.066863267317654,1.7005135590921334,2.2746833042230605,Main Road
2023-11-29 04:56:30,12.776139735,77.360559116,659.4659,5,32,12.776039922,77.360359115,1.0,24.363331720057445,24.363331720057445,-1.7035315472602086,0.8784578319847896,Main Road
2023-11-29 04:56:31,12.776039922,77.360359115,658.9485,5,32,12.775937285,77.360154909,1.0,24.912426695061477,24.912426695061477,0.5490949750040315,2.291840379529546,Main Road
2023-11-29 04:56:32,12.775937285,77.360154909,660.3816,5,32,12.775837943,77.359954693,1.0,24.360311338112755,24.360311338112755,-0.5521153569487218,0.16272537910924711,Main Road
2023-11-29 04:56:33,12.775837943,77.359954693,659.7504,5,32,12.775735458,77.359762658,1.0,23.738817807827402,23.738817807827402,-0.6214935302853526,0.29537075015460346,Main Road
2023-11-29 04:56:34,12.775735458,77.359762658,661.6105,5,32,12.775632967,77.359560815,1.0,24.677450042026827,24.677450042026827,0.9386322341994244,1.6984750944987894,Main Road
2023-11-29 04:56:35,12.775632967,77.359560815,662.5901,5,32,12.775528547,77.359373756,1.0,23.373044352932137,23.373044352932137,-1.3044056890946898,1.167533182038028,Main Road
2023-11-29 04:56:36,12.775528547,77.359373756,663.2114,5,32,12.775426913,77.359188118,1.0,23.086221659846657,23.086221659846657,-0.2868226930854796,2.2507510081875637,Main Road
2023-11-29 04:56:37,12.775426913,77.359188118,662.8231,5,32,12.77531458,77.359000948,1.0,23.832650531331517,23.832650531331517,0.7464288714848593,0.4710721203080226,Main Road
2023-11-29 04:56:38,12.77531458,77.359000948,663.3183,5,32,12.775198258,77.358817605,1.0,23.719156909304733,23.719156909304733,-0.11349362202678392,2.2706947989550628,Main Road
2023-11-29 04:56:39,12.775198258,77.358817605,663.7386,5,32,12.775074539,77.358655032,1.0,22.362082228893183,22.362082228893183,-1.35707468041155,1.42235824157936,Main Road
2023-11-29 04:56:40,12.775074539,77.358655032,671.3576,5,32,12.774980183,77.358448129,1.0,24.768964422385217,24.768964422385217,2.4068821934920344,4.87825424722044,Main Road
2023-11-29 04:56:41,12.774980183,77.358448129,663.6592,5,32,12.774870373,77.358266863,1.0,23.140581733781705,23.140581733781705,-1.6283826886035122,12.756473185676427,Service Road
2023-11-29 04:56:42,12.774870373,77.358266863,664.3644,5,32,12.774758624,77.358087458,1.0,23.084742683246386,23.084742683246386,-0.05583905053531879,6.692390081420115,Main Road
2023-11-29 04:56:43,12.774758624,77.358087458,665.8417,5,32,12.774650086,77.357905304,1.0,23.14839588905561,23.14839588905561,0.06365320580922429,0.7109690626852654,Main Road
2023-11-29 04:56:44,12.774650086,77.357905304,665.9316,5,32,12.77453085,77.357720767,1.0,24.005270736777533,24.005270736777533,0.8568748477219224,1.1292748480644548,Main Road
2023-11-29 04:56:45,12.77453085,77.357720767,666.4468,5,32,12.774408942,77.357539732,1.0,23.857177030782196,23.857177030782196,-0.14809370599533622,2.079000529743581,Main Road
2023-11-29 04:56:46,12.774408942,77.357539732,665.7404,5,32,12.774285594,77.357368262,1.0,23.105870859304005,23.105870859304005,-0.7513061714781912,1.088155838949831,Main Road
2023-11-29 04:56:47,12.774285594,77.357368262,666.7008,5,32,12.774168341,77.357192926,1.0,23.054648135547254,23.054648135547254,-0.05122272375675152,1.7734711692378795,Main Road
2023-11-29 04:56:48,12.774168341,77.357192926,668.2715,5,32,12.774046185,77.357012918,1.0,23.78137808899793,23.78137808899793,0.7267299534506755,1.957624680928589,Main Road
2023-11-29 04:56:49,12.774046185,77.357012918,668.5914,5,32,12.77392827,77.356834333,1.0,23.387280768553303,23.387280768553303,-0.39409732044462586,0.3894156527319552,Main Road
2023-11-29 04:56:50,12.77392827,77.356834333,669.9947,5,32,12.77380805,77.356659906,1.0,23.162267542801825,23.162267542801825,-0.22501322575147853,0.7256376626241803,Main Road
2023-11-29 04:56:51,12.77380805,77.356659906,670.3001,5,32,12.77369094,77.356482553,1.0,23.2264817187,23.2264817187,0.0642141758981758,1.1399670955414507,Main Road
2023-11-29 04:56:52,12.77369094,77.356482553,669.733,5,32,12.773568659,77.356308944,1.0,23.22332808160967,23.22332808160967,-0.0031536370903317845,1.1380644146443188,Main Road
2023-11-29 04:56:53,12.773568659,77.356308944,671.0274,5,32,12.773446744,77.356132083,1.0,23.486620119399248,23.486620119399248,0.2632920377895793,1.7212005865797835,Main Road
2023-11-29 04:56:54,12.773446744,77.356132083,671.4385,5,32,12.773328391,77.35595016,1.0,23.714927577628842,23.714927577628842,0.22830745822959386,0.5793107200865109,Main Road
2023-11-29 04:56:55,12.773328391,77.35595016,672.1514,5,32,12.773207433,77.355769829,1.0,23.73444949272444,23.73444949272444,0.01952191509559853,1.5328534752115814,Main Road
2023-11-29 04:56:56,12.773207433,77.355769829,674.0272,5,32,12.773091631,77.355590153,1.0,23.355039366050853,23.355039366050853,-0.3794101266735872,0.8052711238452588,Main Road
2023-11-29 04:56:57,12.773091631,77.355590153,673.1588,5,32,12.772972149,77.35540299,1.0,24.25825099111629,24.25825099111629,0.9032116250654383,1.0499837551275988,Main Road
2023-11-29 04:56:58,12.772972149,77.35540299,673.8696,5,32,12.772852459,77.355229513,1.0,23.044184236039477,23.044184236039477,-1.2140667550768143,0.24842552342185797,Main Road
2023-11-29 04:56:59,12.772852459,77.355229513,674.8064,5,32,12.772731461,77.355046693,1.0,23.959858584378406,23.959858584378406,0.9156743483389285,2.0500936187559518,Main Road
2023-11-29 04:57:00,12.772731461,77.355046693,674.8346,5,32,12.77261753,77.354872411,1.0,22.752846331290908,22.752846331290908,-1.2070122530874983,1.1053583026847633,Main Road
2023-11-29 04:57:01,12.77261753,77.354872411,676.0001,5,32,12.772502852,77.354688684,1.0,23.6552096920862,23.6552096920862,0.9023633607952917,0.3249712719666462,Main Road
2023-11-29 04:57:02,12.772502852,77.354688684,677.2764,5,32,12.772383814,77.354510932,1.0,23.38309008490042,23.38309008490042,-0.272119607185779,1.2018788473647248,Main Road
2023-11-29 04:57:03,12.772383814,77.354510932,677.4095,5,32,12.772280643,77.354325255,1.0,23.17425558824431,23.17425558824431,-0.20883449665610954,1.8382365056569654,Main Road
2023-11-29 04:57:04,12.772280643,77.354325255,678.3677,5,32,12.772170239,77.3541367,1.0,23.84979464946393,23.84979464946393,0.6755390612196202,4.751021996783166,Main Road
2023-11-29 04:57:05,12.772170239,77.3541367,677.3231,5,32,12.77206652,77.35395066,1.0,23.238662594716814,23.238662594716814,-0.6111320547471166,1.2914765056501807,Main Road
2023-11-29 04:57:06,12.77206652,77.35395066,678.2788,5,32,12.771967088,77.353760277,1.0,23.419926211284867,23.419926211284867,0.181263616568053,1.210049131793781,Main Road
2023-11-29 04:57:07,12.771967088,77.353760277,677.4945,5,32,12.771860301,77.353573428,1.0,23.485505963155234,23.485505963155234,0.06557975187036647,1.563192748826438,Main Road
2023-11-29 04:57:08,12.771860301,77.353573428,680.7546,5,32,12.771761766,77.353377405,1.0,23.914996498752085,23.914996498752085,0.4294905355968517,2.171739390732739,Main Road
2023-11-29 04:57:09,12.771761766,77.353377405,680.4009,5,32,12.7716698,77.353182029,1.0,23.52608392241374,23.52608392241374,-0.3889125763383454,3.0612808756208096,Main Road
2023-11-29 04:57:10,12.7716698,77.353182029,680.3994,5,32,12.771574325,77.352976641,1.0,24.673792144528594,24.673792144528594,1.1477082221148542,1.4803616134508673,Main Road
2023-11-29 04:57:11,12.771574325,77.352976641,681.9563,5,32,12.771488861,77.352770706,1.0,24.270266703481223,24.270266703481223,-0.4035254410473712,0.27552039479688517,Main Road
2023-11-29 04:57:12,12.771488861,77.352770706,677.2394,5,32,12.771397582,77.352568655,1.0,24.147846867415847,24.147846867415847,-0.12241983606537588,2.392768420237445,Main Road
2023-11-29 04:57:13,12.771397582,77.352568655,680.4061,5,32,12.771310444,77.352371021,1.0,23.520680616510084,23.520680616510084,-0.6271662509057627,1.7729713924045427,Main Road
2023-11-29 04:57:14,12.771310444,77.352371021,683.8266,5,32,12.771217504,77.35217463,1.0,23.672375268091145,23.672375268091145,0.1516946515810602,0.5186866007602191,Main Road
2023-11-29 04:57:15,12.771217504,77.35217463,688.6913,5,32,12.771141087,77.351950687,1.0,25.728915746080382,25.728915746080382,2.0565404779892376,1.5324005890932426,Main Road
2023-11-29 04:57:16,12.771141087,77.351950687,684.6254,5,32,12.771064416,77.351724146,1.0,26.004264668638754,26.004264668638754,0.27534892255837207,6.48397294219852,Main Road
2023-11-29 04:57:17,12.771064416,77.351724146,681.055,5,32,12.770988695,77.351507734,1.0,24.933277521701704,24.933277521701704,-1.0709871469370498,0.1434130347991669,Main Road
2023-11-29 04:57:18,12.770988695,77.351507734,679.0807,5,32,12.7709123,77.351277486,1.0,26.374491275573696,26.374491275573696,1.4412137538719918,0.5865932195334693,Main Road
2023-11-29 04:57:19,12.7709123,77.351277486,678.8265,5,32,12.770847179,77.351053093,1.0,25.3886372179009,25.3886372179009,-0.9858540576727961,0.9290181330451048,Main Road
2023-11-29 04:57:20,12.770847179,77.351053093,679.205,5,32,12.770777846,77.350819874,1.0,26.44018202471404,26.44018202471404,1.0515448068131406,2.172320629481135,Main Road
2023-11-29 04:57:21,12.770777846,77.350819874,678.6211,5,32,12.770719603,77.350586913,1.0,26.08018125003414,26.08018125003414,-0.3600007746799001,0.3732992053852797,Main Road
2023-11-29 04:57:22,12.770719603,77.350586913,678.3542,5,32,12.770658361,77.350344033,1.0,27.20501966347919,27.20501966347919,1.124838413445051,2.5196544869121027,Main Road
2023-11-29 04:57:23,12.770658361,77.350344033,677.2428,5,32,12.770603353,77.350106146,1.0,26.51269616306551,26.51269616306551,-0.6923235004136821,0.11520176491683287,Main Road
2023-11-29 04:57:24,12.770603353,77.350106146,676.791,5,32,12.770548307,77.349869585,1.0,26.373784773987293,26.373784773987293,-0.13891138907821698,1.132084679845292,Main Road
2023-11-29 04:57:25,12.770548307,77.349869585,678.6635,5,32,12.770498587,77.34962758,1.0,26.820079051788113,26.820079051788113,0.44629427780082054,0.07920581103235236,Main Road
2023-11-29 04:57:26,12.770498587,77.34962758,677.1865,5,32,12.770455033,77.349385613,1.0,26.683132471122672,26.683132471122672,-0.13694658066544108,1.4893191033018809,Main Road
2023-11-29 04:57:27,12.770455033,77.349385613,675.7934,5,32,12.770414428,77.349152714,1.0,25.65698391699102,25.65698391699102,-1.0261485541316517,1.4059238647634658,Main Road
2023-11-29 04:57:28,12.770414428,77.349152714,676.6328,5,32,12.770384957,77.348918041,1.0,25.659087886218607,25.659087886218607,0.0021039692275870436,0.3140786250801,Main Road
2023-11-29 04:57:29,12.770384957,77.348918041,675.2736,5,32,12.770344176,77.348687916,1.0,25.364407449366837,25.364407449366837,-0.29468043685177037,2.731963232878371,Main Road
2023-11-29 04:57:30,12.770344176,77.348687916,676.8616,5,32,12.770318235,77.348457446,1.0,25.15908398597698,25.15908398597698,-0.2053234633898562,2.8912746479583262,Main Road
2023-11-29 04:57:31,12.770318235,77.348457446,676.0127,5,32,12.770286546,77.348229901,1.0,24.92629858315031,24.92629858315031,-0.23278540282667137,3.6271838921432646,Main Road
2023-11-29 04:57:32,12.770286546,77.348229901,676.7563,5,32,12.770257205,77.347997948,1.0,25.364711875842758,25.364711875842758,0.43841329269244866,1.5062810694289084,Main Road
2023-11-29 04:57:33,12.770257205,77.347997948,673.1089,5,32,12.770227905,77.347769578,1.0,24.978840981679834,24.978840981679834,-0.38587089416292386,0.7189241750220532,Main Road
2023-11-29 04:57:34,12.770227905,77.347769578,672.8641,5,32,12.770195749,77.347552712,1.0,23.788171983427247,23.788171983427247,-1.1906689982525869,0.10177341066726342,Main Road
2023-11-29 04:57:35,12.770195749,77.347552712,675.6788,5,32,12.770165066,77.347329511,1.0,24.444185001187797,24.444185001187797,0.6560130177605501,1.1229918235256235,Main Road
2023-11-29 04:57:36,12.770165066,77.347329511,674.2232,5,32,12.77013143,77.347107584,1.0,24.355648248939335,24.355648248939335,-0.08853675224846214,0.6068526856838901,Main Road
2023-11-29 04:57:37,12.77013143,77.347107584,676.1118,5,32,12.770095862,77.346893166,1.0,23.586402846328376,23.586402846328376,-0.7692454026109594,0.7910695671693304,Main Road
2023-11-29 04:57:38,12.770095862,77.346893166,677.392,5,32,12.770068801,77.346662338,1.0,25.21223604905059,25.21223604905059,1.6258332027222124,0.8002032359793532,Main Road
2023-11-29 04:57:39,12.770068801,77.346662338,677.9779,5,32,12.770044147,77.346418013,1.0,26.637150554832147,26.637150554832147,1.4249145057815582,2.7320318542611943,Main Road
2023-11-29 04:57:40,12.770044147,77.346418013,671.0248,5,32,12.770000251,77.346208788,1.0,23.20838161382652,23.20838161382652,-3.4287689410056252,0.9245018598653161,Main Road
2023-11-29 04:57:41,12.770000251,77.346208788,678.4612,5,32,12.769965974,77.345971237,1.0,26.0415412233146,26.0415412233146,2.833159609488078,6.086942207205311,Main Road
2023-11-29 04:57:42,12.769965974,77.345971237,677.3966,5,32,12.769947844,77.345730498,1.0,26.18455621463833,26.18455621463833,0.14301499132373152,3.638237662056369,Main Road
2023-11-29 04:57:43,12.769947844,77.345730498,671.7278,5,31,12.769909532,77.345489774,1.0,26.45053016271761,26.45053016271761,0.265973948079278,3.9039194752241855,Main Road
2023-11-29 04:57:44,12.769909532,77.345489774,671.2054,5,32,12.769880553,77.345251041,1.0,26.089064861383502,26.089064861383502,-0.3614653013341069,4.736162395137484,Main Road
2023-11-29 04:57:45,12.769880553,77.345251041,670.3807,5,32,12.769843908,77.345009517,1.0,26.507037201479275,26.507037201479275,0.41797234009577267,2.1218827621745646,Main Road
2023-11-29 04:57:46,12.769843908,77.345009517,667.4089,5,32,12.76981451,77.344767921,1.0,26.402926881699127,26.402926881699127,-0.10411031978014762,1.7062662534785886,Main Road
2023-11-29 04:57:47,12.76981451,77.344767921,668.2588,5,32,12.769778775,77.344526374,1.0,26.494143797520227,26.494143797520227,0.09121691582110003,1.6895634700863837,Main Road
2023-11-29 04:57:48,12.769778775,77.344526374,668.6283,5,32,12.769755271,77.344293716,1.0,25.36551521531699,25.36551521531699,-1.1286285822032376,1.4776385200835023,Main Road
2023-11-29 04:57:49,12.769755271,77.344293716,667.6304,5,32,12.769720326,77.344057427,1.0,25.91722254860141,25.91722254860141,0.5517073332844191,2.6467563767715774,Main Road
2023-11-29 04:57:50,12.769720326,77.344057427,669.0121,5,32,12.769692646,77.343823815,1.0,25.52026020034461,25.52026020034461,-0.39696234825679966,2.6438804703162617,Main Road
2023-11-29 04:57:51,12.769692646,77.343823815,668.3124,5,32,12.769663265,77.343590619,1.0,25.499022867364964,25.499022867364964,-0.02123733297964492,1.6552436149049186,Main Road
2023-11-29 04:57:52,12.769663265,77.343590619,669.1458,5,32,12.769623971,77.343377885,1.0,23.47998781114742,23.47998781114742,-2.019035056217543,0.4237096273747625,Main Road
2023-11-29 04:57:53,12.769623971,77.343377885,672.9906,5,32,12.769595126,77.343148649,1.0,25.0654920631194,25.0654920631194,1.5855042519719795,3.2841125893551606,Main Road
2023-11-29 04:57:54,12.769595126,77.343148649,675.9089,5,32,12.769568097,77.342903726,1.0,26.730110606919464,26.730110606919464,1.6646185438000636,3.2932330575128645,Main Road
2023-11-29 04:57:55,12.769568097,77.342903726,671.922,5,32,12.769539774,77.342678658,1.0,24.60978827427815,24.60978827427815,-2.120322332641315,0.8743777688785315,Main Road
2023-11-29 04:57:56,12.769539774,77.342678658,674.3677,5,32,12.769507018,77.342452902,1.0,24.751510420869568,24.751510420869568,0.14172214659141957,0.874995177979514,Main Road
2023-11-29 04:57:57,12.769507018,77.342452902,671.102,5,31,12.769478325,77.342227946,1.0,24.603049712227563,24.603049712227563,-0.14846070864200556,1.0831911195143533,Main Road
2023-11-29 04:57:58,12.769478325,77.342227946,671.7764,5,32,12.769441567,77.341998773,1.0,25.186474715972807,25.186474715972807,0.5834250037452442,0.986908705794761,Main Road
2023-11-29 04:57:59,12.769441567,77.341998773,673.2554,5,32,12.769412522,77.341770983,1.0,24.91286915647336,24.91286915647336,-0.27360555949944754,1.8435000621981033,Main Road
2023-11-29 04:58:00,12.769412522,77.341770983,675.6882,5,32,12.76938279,77.341536897,1.0,25.5997852170392,25.5997852170392,0.6869160605658422,1.8458451503172455,Main Road
2023-11-29 04:58:01,12.76938279,77.341536897,674.7561,5,32,12.76935395,77.341320122,1.0,23.725848798894823,23.725848798894823,-1.8739364181443783,0.027889296912917416,Main Road
2023-11-29 04:58:02,12.76935395,77.341320122,675.4756,5,31,12.769306088,77.341103739,1.0,24.061567752371626,24.061567752371626,0.33571895347680325,0.33963703582085714,Main Road
2023-11-29 04:58:03,12.769306088,77.341103739,682.2912,5,32,12.769283956,77.340881524,1.0,24.22340637846303,24.22340637846303,0.1618386260914022,4.8943027255758835,Main Road
2023-11-29 04:58:04,12.769283956,77.340881524,682.9862,5,32,12.769250666,77.340652681,1.0,25.091399312333074,25.091399312333074,0.8679929338700454,6.784754149717145,Main Road
2023-11-29 04:58:05,12.769250666,77.340652681,684.2402,5,32,12.769222554,77.340426855,1.0,24.688364610839994,24.688364610839994,-0.4030347014930804,2.5890670678389682,Main Road
2023-11-29 04:58:06,12.769222554,77.340426855,681.3333,5,32,12.769183436,77.3401998,1.0,25.004198532715,25.004198532715,0.3158339218750079,1.1808374195047975,Main Road
2023-11-29 04:58:07,12.769183436,77.3401998,683.96,5,32,12.76915549,77.33997581,1.0,24.48853249862258,24.48853249862258,-0.5156660340924226,2.67922504492617,Main Road
2023-11-29 04:58:08,12.76915549,77.33997581,684.0035,5,32,12.769114858,77.339727745,1.0,27.278153472853635,27.278153472853635,2.789620974231056,2.6634684707550207,Main Road
2023-11-29 04:58:09,12.769114858,77.339727745,687.1016,5,32,12.769088945,77.339524478,1.0,22.230799186652114,22.230799186652114,-5.0473542862015215,2.1904737163526136,Main Road
2023-11-29 04:58:10,12.769088945,77.339524478,682.7597,5,32,12.769069129,77.339273349,1.0,27.32266252712714,27.32266252712714,5.091863340475026,2.0371781451471946,Main Road
2023-11-29 04:58:11,12.769069129,77.339273349,677.6805,5,31,12.769043016,77.339053822,1.0,23.983015391263805,23.983015391263805,-3.339647135863334,2.753298855396679,Main Road
2023-11-29 04:58:12,12.769043016,77.339053822,677.7584,5,32,12.769010209,77.338829776,1.0,24.568992444680042,24.568992444680042,0.5859770534162365,2.271800265047432,Main Road
2023-11-29 04:58:13,12.769010209,77.338829776,677.9134,5,32,12.768985093,77.338606482,1.0,24.375627876401452,24.375627876401452,-0.1933645682785894,1.5470754281276555,Main Road
2023-11-29 04:58:14,12.768985093,77.338606482,678.5586,5,32,12.768956986,77.338392782,1.0,23.384487835587432,23.384487835587432,-0.9911400408140203,1.9129752307145083,Main Road
2023-11-29 04:58:15,12.768956986,77.338392782,678.3155,5,32,12.768927355,77.338174707,1.0,23.877558235597537,23.877558235597537,0.4930704000101045,1.0752201127884717,Main Road
2023-11-29 04:58:16,12.768927355,77.338174707,677.9466,5,32,12.76889519,77.337962368,1.0,23.30320882931544,23.30320882931544,-0.5743494062820957,0.24484623821368245,Main Road
2023-11-29 04:58:17,12.76889519,77.337962368,678.9774,5,32,12.768851961,77.337772501,1.0,21.143776997707224,21.143776997707224,-2.1594318316082166,0.8759560346221917,Main Road
2023-11-29 04:58:18,12.768851961,77.337772501,683.2355,5,32,12.768812754,77.337548238,1.0,24.70787243413713,24.70787243413713,3.5640954364299056,4.212826494440122,Main Road
2023-11-29 04:58:19,12.768812754,77.337548238,678.7448,5,32,12.768772161,77.337345511,1.0,22.443321998805335,22.443321998805335,-2.2645504353317953,2.9099051699858194,Main Road
2023-11-29 04:58:20,12.768772161,77.337345511,678.0334,5,32,12.768715917,77.337137032,1.0,23.457587340448804,23.457587340448804,1.014265341643469,1.4062962382965623,Main Road
2023-11-29 04:58:21,12.768715917,77.337137032,679.1289,5,32,12.768658763,77.336944873,1.0,21.786247356619473,21.786247356619473,-1.6713399838293306,3.7750955957833554,Main Road
2023-11-29 04:58:22,12.768658763,77.336944873,679.8396,5,31,12.768606408,77.336738553,1.0,23.11936205401439,23.11936205401439,1.3331146973949153,1.4661346635056134,Main Road
2023-11-29 04:58:23,12.768606408,77.336738553,677.5013,5,32,12.76853568,77.336562123,1.0,20.686293634302718,20.686293634302718,-2.4330684197116703,2.325473760340543,Main Road
2023-11-29 04:58:24,12.76853568,77.336562123,679.5667,5,31,12.768454311,77.336373194,1.0,22.39730513712954,22.39730513712954,1.7110115028268211,7.6064456137456915,Main Road
2023-11-29 04:58:25,12.768454311,77.336373194,685.5636,5,32,12.768378092,77.336175083,1.0,23.095431137121913,23.095431137121913,0.6981259999923743,1.4557792401317187,Main Road
2023-11-29 04:58:26,12.768378092,77.336175083,681.0918,5,31,12.768302835,77.335981126,1.0,22.63722490366029,22.63722490366029,-0.4582062334616239,2.257678991089577,Main Road
2023-11-29 04:58:27,12.768302835,77.335981126,678.3223,5,30,12.768227751,77.33578539,1.0,22.809552337349295,22.809552337349295,0.17232743368900572,0.16351570201641152,Main Road
2023-11-29 04:58:28,12.768227751,77.33578539,677.935,5,30,12.76815806,77.33559925,1.0,21.622361190673463,21.622361190673463,-1.1871911466758327,0.21995599364083773,Main Road
2023-11-29 04:58:29,12.76815806,77.33559925,678.4879,5,30,12.768075542,77.335433946,1.0,20.138246032995248,20.138246032995248,-1.4841151576782146,0.4607797022703153,Main Road
2023-11-29 04:58:30,12.768075542,77.335433946,672.5315,5,30,12.767911386,77.33522057,1.0,29.47247432912006,29.47247432912006,9.334228296124813,6.001932892329748,Main Road
2023-11-29 04:58:31,12.767911386,77.33522057,673.0614,5,22,12.767928805,77.335022273,1.0,21.5914572521017,21.5914572521017,-7.88101707701836,11.044186961440516,Service Road
2023-11-29 04:58:32,12.767928805,77.335022273,682.1834,5,29,12.767875975,77.334847227,1.0,19.87110879890243,19.87110879890243,-1.7203484531992714,42.592215835449835,Service Road
2023-11-29 04:58:33,12.767875975,77.334847227,686.8019,5,31,12.767807188,77.334657415,1.0,21.959395037586077,21.959395037586077,2.088286238683647,21.814295513347403,Service Road
2023-11-29 04:58:34,12.767807188,77.334657415,689.0616,5,29,12.767723689,77.334489168,1.0,20.47212846830813,20.47212846830813,-1.4872665692779456,3.126135234583302,Main Road
2023-11-29 04:58:35,12.767723689,77.334489168,697.046,5,30,12.767643956,77.334277532,1.0,24.60389714433503,24.60389714433503,4.131768676026898,6.474377539381351,Main Road
2023-11-29 04:58:36,12.767643956,77.334277532,686.6231,5,29,12.767506334,77.334075209,1.0,26.750454953996506,26.750454953996506,2.146557809661477,5.7509662469606155,Main Road
2023-11-29 04:58:37,12.767506334,77.334075209,675.5245,5,31,12.767421968,77.333911206,1.0,20.107841084783036,20.107841084783036,-6.64261386921347,13.580208370185588,Service Road
2023-11-29 04:58:38,12.767421968,77.333911206,680.4839,5,32,12.767327856,77.333748092,1.0,20.55267697632666,20.55267697632666,0.44483589154362235,7.00182526187325,Main Road
2023-11-29 04:58:39,12.767327856,77.333748092,680.654,5,32,12.767228356,77.333589357,1.0,20.463041180000015,20.463041180000015,-0.0896357963266432,2.761607893904113,Main Road
2023-11-29 04:58:40,12.767228356,77.333589357,679.595,5,32,12.767104461,77.333436249,1.0,21.575026516208066,21.575026516208066,1.1119853362080505,2.0970692774168924,Main Road
2023-11-29 04:58:41,12.767104461,77.333436249,679.9193,5,32,12.766985777,77.33328058,1.0,21.42784412231285,21.42784412231285,-0.14718239389521415,6.89902958104075,Main Road
2023-11-29 04:58:42,12.766985777,77.33328058,679.5307,5,32,12.766855662,77.33312684,1.0,22.07482487731857,22.07482487731857,0.6469807550057176,1.6574335889617515,Main Road
2023-11-29 04:58:43,12.766855662,77.33312684,678.3335,5,32,12.766718298,77.332972943,1.0,22.62388242970719,22.62388242970719,0.5490575523886214,2.9199364093326636,Main Road
2023-11-29 04:58:44,12.766718298,77.332972943,676.9395,5,32,12.766587699,77.332827123,1.0,21.469900837512874,21.469900837512874,-1.1539815921943166,1.508887602636804,Main Road
2023-11-29 04:58:45,12.766587699,77.332827123,676.4834,5,32,12.766443194,77.332677809,1.0,22.8119536525194,22.8119536525194,1.3420528150065252,0.09701730533421937,Main Road
2023-11-29 04:58:46,12.766443194,77.332677809,675.704,5,32,12.766315472,77.332525602,1.0,21.77508568926493,21.77508568926493,-1.036867963254469,2.214117690548619,Main Road
2023-11-29 04:58:47,12.766315472,77.332525602,675.8826,5,32,12.766182466,77.332374088,1.0,22.10686403815622,22.10686403815622,0.3317783488912909,4.061170774623491,Main Road
2023-11-29 04:58:48,12.766182466,77.332374088,676.3365,5,32,12.766044506,77.332214734,1.0,23.1078796303625,23.1078796303625,1.0010155922062793,1.2770181478285565,Main Road
2023-11-29 04:58:49,12.766044506,77.332214734,674.4318,5,32,12.76590418,77.332059592,1.0,22.946386272257097,22.946386272257097,-0.16149335810540322,0.3939310329301122,Main Road
2023-11-29 04:58:50,12.76590418,77.332059592,676.5227,5,30,12.76576616,77.331902857,1.0,22.900734268669193,22.900734268669193,-0.04565200358790378,1.245127158905916,Main Road
2023-11-29 04:58:51,12.76576616,77.331902857,674.8777,5,30,12.765621043,77.331740062,1.0,23.917813174718752,23.917813174718752,1.0170789060495586,0.7623822027034066,Main Road
2023-11-29 04:58:52,12.765621043,77.331740062,674.4333,5,31,12.765475311,77.331582452,1.0,23.552830759848625,23.552830759848625,-0.36498241487012706,0.3471403356411713,Main Road
2023-11-29 04:58:53,12.765475311,77.331582452,674.5004,5,31,12.765339775,77.331420537,1.0,23.139902783795534,23.139902783795534,-0.4129279760530906,1.0434949501979531,Main Road
2023-11-29 04:58:54,12.765339775,77.331420537,674.0162,5,31,12.765197626,77.331258932,1.0,23.600443140563677,23.600443140563677,0.4605403567681421,2.8255405172085943,Main Road
2023-11-29 04:58:55,12.765197626,77.331258932,673.8485,5,31,12.76506079,77.331102661,1.0,22.775282051534635,22.775282051534635,-0.8251610890290415,1.4030396226071673,Main Road
2023-11-29 04:58:56,12.76506079,77.331102661,673.3781,5,31,12.764918459,77.330941584,1.0,23.57155110129345,23.57155110129345,0.7962690497588163,0.12865604850853174,Main Road
2023-11-29 04:58:57,12.764918459,77.330941584,673.2807,5,31,12.764775495,77.3307813,1.0,23.555342709370066,23.555342709370066,-0.01620839192338508,0.2580356403918813,Main Road
2023-11-29 04:58:58,12.764775495,77.3307813,672.5915,5,32,12.76463302,77.330627983,1.0,22.965914243565646,22.965914243565646,-0.5894284658044207,0.2666183552255177,Main Road
2023-11-29 04:58:59,12.76463302,77.330627983,671.4169,5,32,12.764490665,77.330472181,1.0,23.15264667820875,23.15264667820875,0.18673243464310474,1.1697077376501852,Main Road
2023-11-29 04:59:00,12.764490665,77.330472181,671.6441,5,32,12.764348193,77.330315109,1.0,23.262212634481937,23.262212634481937,0.10956595627318677,0.48312519288333533,Main Road
2023-11-29 04:59:01,12.764348193,77.330315109,672.2435,5,32,12.764212611,77.330159203,1.0,22.6528480950616,22.6528480950616,-0.6093645394203371,0.20811842658301316,Main Road
2023-11-29 04:59:02,12.764212611,77.330159203,672.541,5,32,12.76406211,77.33001433,1.0,22.954206387487126,22.954206387487126,0.30135829242552603,1.1980618667792555,Main Road
2023-11-29 04:59:03,12.76406211,77.33001433,672.8913,5,32,12.763916803,77.329868687,1.0,22.594908162996926,22.594908162996926,-0.35929822449019966,5.08006377324017,Main Road
2023-11-29 04:59:04,12.763916803,77.329868687,673.3206,5,32,12.763764557,77.329735348,1.0,22.26407380130188,22.26407380130188,-0.33083436169504665,1.1577380889073652,Main Road
2023-11-29 04:59:05,12.763764557,77.329735348,673.6338,5,32,12.763615934,77.32958938,1.0,22.884410102449152,22.884410102449152,0.6203363011472725,3.8538758640910373,Main Road
2023-11-29 04:59:06,12.763615934,77.32958938,672.2224,5,32,12.763459138,77.329459189,1.0,22.434766826814727,22.434766826814727,-0.4496432756344255,3.2713446104447144,Main Road
2023-11-29 04:59:07,12.763459138,77.329459189,673.8071,5,32,12.763307412,77.329319433,1.0,22.679189807651255,22.679189807651255,0.24442298083652858,4.780077199901683,Main Road
2023-11-29 04:59:08,12.763307412,77.329319433,674.017,5,32,12.763162744,77.329178358,1.0,22.199928362898042,22.199928362898042,-0.4792614447532131,2.9448539708747887,Main Road
2023-11-29 04:59:09,12.763162744,77.329178358,672.9242,5,32,12.763010644,77.329040901,1.0,22.544529498981507,22.544529498981507,0.3446011360834653,1.6311744895043034,Main Road
2023-11-29 04:59:10,12.763010644,77.329040901,673.105,5,32,12.762858487,77.32889466,1.0,23.190054977191007,23.190054977191007,0.6455254782094997,2.1745889792271953,Main Road
2023-11-29 04:59:11,12.762858487,77.32889466,672.7573,5,32,12.762710954,77.328759802,1.0,21.977556505062992,21.977556505062992,-1.212498472128015,1.7592117941349557,Main Road
2023-11-29 04:59:12,12.762710954,77.328759802,672.8793,5,32,12.762559724,77.328616148,1.0,22.923388065823424,22.923388065823424,0.945831560760432,1.4341819025725329,Main Road
2023-11-29 04:59:13,12.762559724,77.328616148,671.2256,5,32,12.762410716,77.32847066,1.0,22.87946841573184,22.87946841573184,-0.04391965009158483,1.0982833974969708,Main Road
2023-11-29 04:59:14,12.762410716,77.32847066,670.5624,5,32,12.762253529,77.328314353,1.0,24.348224398991558,24.348224398991558,1.4687559832597188,0.7868860853455146,Main Road
2023-11-29 04:59:15,12.762253529,77.328314353,670.0451,5,32,12.762097006,77.328174106,1.0,23.113794562171233,23.113794562171233,-1.2344298368203255,0.5239693929981968,Main Road
2023-11-29 04:59:16,12.762097006,77.328174106,669.6133,5,32,12.761941771,77.328027859,1.0,23.441408551767257,23.441408551767257,0.32761398959602417,2.9783415548736514,Main Road
2023-11-29 04:59:17,12.761941771,77.328027859,668.911,5,32,12.761783477,77.327878446,1.0,23.9242000780303,23.9242000780303,0.48279152626304267,1.4315369392410275,Main Road
2023-11-29 04:59:18,12.761783477,77.327878446,668.2194,5,32,12.761628307,77.327729,1.0,23.672257407742038,23.672257407742038,-0.2519426702882619,0.05443302687993423,Main Road
2023-11-29 04:59:19,12.761628307,77.327729,666.9657,5,32,12.761464969,77.327572244,1.0,24.877054785529054,24.877054785529054,1.204797377787017,0.576693585352416,Main Road
2023-11-29 04:59:20,12.761464969,77.327572244,667.0528,5,32,12.761306116,77.327421001,1.0,24.10459018397925,24.10459018397925,-0.7724646015498031,0.10147955267760267,Main Road
2023-11-29 04:59:21,12.761306116,77.327421001,667.0721,5,32,12.761150653,77.32726463,1.0,24.215891955015977,24.215891955015977,0.11130177103672523,0.2278109041802452,Main Road
2023-11-29 04:59:22,12.761150653,77.32726463,666.7321,5,32,12.760987112,77.327115935,1.0,24.304955549059382,24.304955549059382,0.08906359404340591,1.5726350774386617,Main Road
2023-11-29 04:59:23,12.760987112,77.327115935,664.4726,5,32,12.760828341,77.326967136,1.0,23.91831585929981,23.91831585929981,-0.38663968975957275,2.8890470343158086,Main Road
2023-11-29 04:59:24,12.760828341,77.326967136,664.287,5,33,12.760673958,77.326816276,1.0,23.714124919101323,23.714124919101323,-0.20419094019848671,0.8652264953346673,Main Road
2023-11-29 04:59:25,12.760673958,77.326816276,663.1269,5,33,12.760518139,77.326666701,1.0,23.73451614418504,23.73451614418504,0.020391225083717046,1.1957298389762627,Main Road
2023-11-29 04:59:26,12.760518139,77.326666701,662.5665,5,33,12.760361705,77.326527614,1.0,23.02379998117421,23.02379998117421,-0.7107161630108294,0.5100332338243163,Main Road
2023-11-29 04:59:27,12.760361705,77.326527614,660.308,5,33,12.760199777,77.326376561,1.0,24.342437829619797,24.342437829619797,1.3186378484455865,2.1881010959594107,Main Road
2023-11-29 04:59:28,12.760199777,77.326376561,659.7806,5,33,12.760052772,77.326223601,1.0,23.288862600459247,23.288862600459247,-1.0535752291605505,1.3693630927285483,Main Road
2023-11-29 04:59:29,12.760052772,77.326223601,658.4039,5,34,12.759892671,77.32608156,1.0,23.541770417222352,23.541770417222352,0.2529078167631056,3.127332768257446,Main Road
2023-11-29 04:59:30,12.759892671,77.32608156,657.3759,5,34,12.759741891,77.325942516,1.0,22.54948260421676,22.54948260421676,-0.9922878130055928,4.557987750623738,Main Road
2023-11-29 04:59:31,12.759741891,77.325942516,657.6663,5,34,12.75958626,77.32578657,1.0,24.197067346542294,24.197067346542294,1.6475847423255345,1.1018410954617082,Main Road
2023-11-29 04:59:32,12.75958626,77.32578657,654.2864,5,34,12.759442138,77.325656412,1.0,21.355763050766026,21.355763050766026,-2.8413042957762684,2.3767673340037447,Main Road
2023-11-29 04:59:33,12.759442138,77.325656412,657.4787,5,34,12.759290061,77.32550008,1.0,23.94566536680306,23.94566536680306,2.5899023160370334,2.9724216253526095,Main Road
2023-11-29 04:59:34,12.759290061,77.32550008,655.0176,5,34,12.759130194,77.325357168,1.0,23.584098528637874,23.584098528637874,-0.3615668381651851,3.7049340303297242,Main Road
2023-11-29 04:59:35,12.759130194,77.325357168,654.7456,5,34,12.758976161,77.325211503,1.0,23.30045220765759,23.30045220765759,-0.2836463209802851,3.9955358362052493,Main Road
2023-11-29 04:59:36,12.758976161,77.325211503,654.0934,5,34,12.758820535,77.325066789,1.0,23.361563633162326,23.361563633162326,0.06111142550473758,1.6057330328362127,Main Road
2023-11-29 04:59:37,12.758820535,77.325066789,654.24,5,33,12.75865978,77.324922427,1.0,23.76194418843304,23.76194418843304,0.4003805552707149,0.4813988327102834,Main Road
2023-11-29 04:59:38,12.75865978,77.324922427,653.2765,5,33,12.75850447,77.324772023,1.0,23.754961614946893,23.754961614946893,-0.006982573486148169,0.9946055440977091,Main Road
2023-11-29 04:59:39,12.75850447,77.324772023,653.1168,5,33,,,1.0,0.0,,,2.1559842293689826,Main Road
